{
  "message": "",
  "result": [
    {
      "item": "引用",
      "个人": 70,
      "团队": 30,
      "部门": 40
    },
    {
      "item": "口碑",
      "个人": 60,
      "团队": 70,
      "部门": 40
    },
    {
      "item": "产量",
      "个人": 50,
      "团队": 60,
      "部门": 40
    },
    {
      "item": "贡献",
      "个人": 40,
      "团队": 50,
      "部门": 40
    },
    {
      "item": "热度",
      "个人": 60,
      "团队": 70,
      "部门": 40
    },
    {
      "item": "引用",
      "个人": 70,
      "团队": 50,
      "部门": 40
    }
  ],
  "status": 200,
  "timestamp": 1534955098193
}