{
  "message": "",
  "result": [
    {
      "id": 1,
      "user": {
        "nickname": "Barbara Lee",
        "avatar": "https://gw.alipayobjects.com/zos/rmsportal/BiazfanxmamNRoxxVxka.png"
      },
      "project": {
        "name": "白鹭酱油开发组",
        "action": "更新",
        "event": "番组计划"
      },
      "time": "2018-08-23 14:47:00"
    },
    {
      "id": 1,
      "user": {
        "nickname": "蓝莓酱",
        "avatar": "https://gw.alipayobjects.com/zos/rmsportal/jZUIxmJycoymBprLOUbT.png"
      },
      "project": {
        "name": "白鹭酱油开发组",
        "action": "更新",
        "event": "番组计划"
      },
      "time": "2018-08-23 09:35:37"
    },
    {
      "id": 1,
      "user": {
        "nickname": "Brian Young",
        "avatar": "http://dummyimage.com/64x64"
      },
      "project": {
        "name": "白鹭酱油开发组",
        "action": "创建",
        "event": "番组计划"
      },
      "time": "2017-05-27 00:00:00"
    },
    {
      "id": 1,
      "user": {
        "nickname": "曲丽丽",
        "avatar": "http://dummyimage.com/64x64"
      },
      "project": {
        "name": "高逼格设计天团",
        "action": "更新",
        "event": "六月迭代"
      },
      "time": "2018-08-23 14:47:00"
    },
    {
      "id": 1,
      "user": {
        "nickname": "Dorothy Thompson",
        "avatar": "http://dummyimage.com/64x64"
      },
      "project": {
        "name": "高逼格设计天团",
        "action": "created",
        "event": "六月迭代"
      },
      "time": "2018-08-23 14:47:00"
    },
    {
      "id": 1,
      "user": {
        "nickname": "曲丽丽",
        "avatar": "https://gw.alipayobjects.com/zos/rmsportal/BiazfanxmamNRoxxVxka.png"
      },
      "project": {
        "name": "高逼格设计天团",
        "action": "created",
        "event": "六月迭代"
      },
      "time": "2018-08-23 14:47:00"
    }
  ],
  "status": 200,
  "timestamp": 0
}